id,充电站名称,地址,省,市,区,纬度,经度
1,特来电充电站(森迪大道),重庆市九龙坡区西彭镇森迪大道随缘石化加油站内,重庆市,重庆市,九龙坡区,29.329217,106.317934
2,特来电充电站(西部新城),重庆市沙坪坝区虎溪街道盛德路1号大学城西部客运站,重庆市,重庆市,沙坪坝区,29.620435,106.329908
3,国家电网充电站(重庆市九龙坡区巴福镇赵大路),重庆市九龙坡区巴福镇赵大路九龙园C区,重庆市,重庆市,九龙坡区,29.409713,106.353097
4,国家电网充电站(井熙路),重庆市沙坪坝区井口街道井熙路8号附3号,重庆市,重庆市,沙坪坝区,29.65539,106.452904
5,万马爱充充电站(中豪公园),重庆市大渡口区双城路163号兄弟装饰旁,重庆市,重庆市,大渡口区,29.49699,106.471445
6,普科特汽车充电站(临江装饰城站),重庆市沙坪坝区石小路100号,重庆市,重庆市,沙坪坝区,29.548297,106.472255
7,万马充电站(中交丽景),重庆市大渡口区双龙路2号附105号,重庆市,重庆市,大渡口区,29.499797,106.478276
8,万马新能源智能充电站(爱与山),重庆市大渡口区双山路131号(爱与山旁露天停车场),重庆市,重庆市,大渡口区,29.493807,106.478783
9,国家电网充电站,重庆市渝北区大竹林街道斑竹路19号,重庆市,重庆市,渝北区,29.628516,106.48107
10,重庆时光城充电站,重庆市渝北区松石大道317号,重庆市,重庆市,渝北区,29.58589,106.498564
11,特来电充电站(石桥广场),重庆市九龙坡区华轩路15号石桥广场内,重庆市,重庆市,九龙坡区,29.542071,106.498714
12,电多多奥体充电站,重庆市九龙坡区好韵高尔夫(奥体中心地铁站2号口步行320米),重庆市,重庆市,九龙坡区,29.532051,106.508208
13,国网重庆奥体快速充电站,重庆市九龙坡区袁家岗体育中心奥韵路6号,重庆市,重庆市,九龙坡区,29.529365,106.510226
14,重庆龙华集团新能源汽车充电站,重庆市渝中区经纬大道777号5-1,重庆市,重庆市,渝中区,29.5524,106.510614
15,万马爱充充电站(石坪桥),重庆市九龙坡区石坪桥横街2号附1号,重庆市,重庆市,九龙坡区,29.525469,106.511813
16,特来电充电站(驰骋体育公园),重庆市九龙坡区奥体路7号,重庆市,重庆市,九龙坡区,29.533104,106.514469
17,特来电充电站(万友奥体),重庆市九龙坡区袁家岗奥体五支路奥体车市A区,重庆市,重庆市,九龙坡区,29.530606,106.516313
18,国家电网充电站(重庆市渝中区重庆天地站),重庆市渝中区化龙桥瑞天路128号重庆天地(商业区),重庆市,重庆市,渝中区,29.558884,106.516663
19,特来电充电站(嘉鸿大道),重庆市江北区嘉鸿大道万科天空之城售房部停车场内,重庆市,重庆市,江北区,29.575285,106.524939
20,云杉智慧充电站(重庆嘉华大桥充电站),重庆市渝中区华村立交企业天地东侧约70米,重庆市,重庆市,渝中区,29.555419,106.525181
21,国家电网充电站(水土营业所站),重庆市北碚区水土营业所充电站,重庆市,重庆市,北碚区,29.826904,106.530266
22,国家电网充电站(君安小区),重庆市九龙坡区直港大道15号君安小区杨家坪,重庆市,重庆市,九龙坡区,29.514852,106.531753
23,特来电充电站(凯旋国际),重庆市渝北区佳园路2号康田凯旋国际,重庆市,重庆市,渝北区,29.606745,106.532394
24,特来电充电站(两江机器人展厅),重庆市北碚区方正大道重庆两江云顶大酒店北侧约250米,重庆市,重庆市,北碚区,29.811807,106.536466
25,宝马汽车充电站(九滨路),重庆市九龙坡区九滨路1号,重庆市,重庆市,九龙坡区,29.517487,106.536935
26,蔚来目的地充电站(重庆大融城),观音桥步行街8号大融城B2,重庆市,重庆市,江北区,29.580872,106.539516
27,万马爱充充电站(力帆体育城),重庆市江北区洋河北路力帆体育城露天停车场,重庆市,重庆市,江北区,29.591876,106.541695
28,特斯拉充电站(重庆国际汽车城站),重庆市渝北区悦来大道66号,重庆市,重庆市,渝北区,29.724714,106.54868
29,电动汽车充电站,重庆市巴南区鸡天路与龙兰街交叉路口往西南约170米,重庆市,重庆市,巴南区,29.384314,106.549088
30,源硕新能源汽车充电站,重庆市巴南区渝南大道162号,重庆市,重庆市,巴南区,29.429835,106.552088
31,长安汽车充电站,重庆市江北区建新东路260号,重庆市,重庆市,江北区,29.579571,106.555432
32,国家电网充电站(江北建新东路茶园),重庆市江北区建国村建新东路9号,重庆市,重庆市,江北区,29.580806,106.557386
33,智道充电五红路充电站,重庆市江北区五红路36附11~12号,重庆市,重庆市,江北区,29.591851,106.559014
34,万马爱充充电站(长安加气站),重庆市渝北区吉安路12号,重庆市,重庆市,渝北区,29.592568,106.559212
35,特来电充电站(南岸英华天元车库),重庆市南岸区苏家坝江苑路8号,重庆市,重庆市,南岸区,29.541778,106.559616
36,中交信达谦和新能源保时通充电站,重庆市渝北区保时通物流园附近(金童路东150米),重庆市,重庆市,渝北区,29.629237,106.559721
37,特来电充电站(重庆市园博园),重庆市渝北区龙景路1号,重庆市,重庆市,渝北区,29.693943,106.560524
38,南岸白鹤园电动客车充电站,四公里南湖支路骏逸江南小区南面,重庆市,重庆市,南岸区,29.517748,106.57184
39,特来电充电站(金山车库),重庆市渝北区加工区2号,重庆市,重庆市,渝北区,29.634118,106.572363
40,电动汽车充电站(七星岗站),重庆市渝中区中山一路半岛铂寓,重庆市,重庆市,渝中区,29.562801,106.573843
41,国网广汇思达充电站(斯柯达),重庆市渝北区金渝大道84号,重庆市,重庆市,渝北区,29.646045,106.576748
42,国网广汇博众充电站(大众),重庆市渝北区经济技术开发区经开园金渝大道99-9号,重庆市,重庆市,渝北区,29.644907,106.579019
43,星星充电南岸四公里充电站,重庆市南岸区江南大道39号,重庆市,重庆市,南岸区,29.529543,106.579291
44,国网广汇骊业充电站,重庆市渝北区金渝大道99号附3号,重庆市,重庆市,渝北区,29.649582,106.581408
45,重庆汽博中心长安汽车4S店电动汽车充电站,重庆市渝北区金渝大道99号附27号,重庆市,重庆市,渝北区,29.650168,106.582518
46,国网广汇华通充电站,重庆市渝北区金渝大道99号附26号,重庆市,重庆市,渝北区,29.650111,106.582609
47,国家电网充电站(和记黄埔),重庆市南岸区向家坡罗家坝社区卫生服务站东侧约120米,重庆市,重庆市,南岸区,29.539825,106.589557
48,万马爱充充电站(江北金山站),重庆市江北区海尔路272号(吉安园茅溪小区旁),重庆市,重庆市,江北区,29.623951,106.590048
49,星星充电站(三亚湾充电站),重庆市渝北区回兴街道金石大道398号,重庆市,重庆市,渝北区,29.649212,106.595026
50,万马爱充充电站(东原1891站),重庆市南岸区南滨路东原1891E馆B1层停车场内,重庆市,重庆市,南岸区,29.556704,106.5982
51,星星充电充电站(西正街车库),重庆市渝北区宝圣大道重庆市两江中学校东侧,重庆市,重庆市,渝北区,29.664683,106.600365
52,平为汽车充电站,重庆市渝北区腾芳大道民光圣景苑东北侧约50米,重庆市,重庆市,渝北区,29.711682,106.605292
53,泊充充电站(花园站),重庆市渝北区睦邻路与城兴路交叉路口东南侧(汇祥林里3000),重庆市,重庆市,渝北区,29.719576,106.609798
54,特来电充电站(市长安盛吉汽修),重庆市渝北区台商工业园羽裳路10号,重庆市,重庆市,渝北区,29.671471,106.625489
55,万马爱充充电站(渝北城南),重庆市渝北区双龙东路199-18号,重庆市,重庆市,渝北区,29.706609,106.630464
56,国家电网充电站(盈讯天地),重庆市南岸区长生桥镇茶花路11号茶园盈讯天地,重庆市,重庆市,南岸区,29.487706,106.641868
57,驿满电动汽车充电站(欧麓花园站),重庆市巴南区华林路1415号,重庆市,重庆市,巴南区,29.47033,106.643198
58,重庆友蓉利汽车充电站,重庆市渝北区空港圣地6号(国道319夏成线附近),重庆市,重庆市,渝北区,29.741464,106.644067
59,国家电网充电站,重庆市巴南区合祥路百合佳园西南侧约90米,重庆市,重庆市,巴南区,29.337073,106.65222
60,渝北空港充电站,重庆市渝北区科勒路重庆尚高丽呈酒店(空港店)西侧约110米,重庆市,重庆市,渝北区,29.7545,106.652945
61,特来电充电站(城南家园),重庆市南岸区城南家园公租房四组团水云路14号附1号(公交枢纽站旁),重庆市,重庆市,南岸区,29.520664,106.658489
62,特来电充电站(英利国际),重庆市渝中区大坪支路3号,重庆市,重庆市,渝中区,29.54475764,106.5237902
63,国家电网汽车充电站(重庆市渝北区两江天地充电站),重庆市渝北区金开大道56号,重庆市,重庆市,渝北区,29.63144297,106.538068
64,特来电充电站(重庆渝北区新牌坊中石油站),重庆市渝北区松牌路151号,重庆市,重庆市,渝北区,29.603465,106.523977
65,小桔充电站(重庆市渝北区金融中心),重庆市渝北区星光大道11号,重庆市,重庆市,渝北区,29.61375601,106.513425
66,特来电充电站(重庆渝北区汀香树站),重庆市渝北区龙石路(地面停车场),重庆市,重庆市,渝北区,29.66598062,106.6189705
67,蔚景充电站(重庆宗友汽车充电桩(回兴)),重庆市渝北区宝圣湖街道海福路农贸市场,重庆市,重庆市,渝北区,29.68527362,106.6014999
68,特来电充电站(重庆解放碑邹容广场站),重庆市渝中区临江路69号,重庆市,重庆市,渝中区,29.56425802,106.580531
69,特来电充电站(重庆大学城青年广场站),重庆市沙坪坝区覃家岗街道凤天大道重庆图书馆停车场,重庆市,重庆市,沙坪坝区,29.53862513,106.4612715
70,国家电网充电站(重庆机场A区),重庆市渝北区两路街道翔安路重庆江北国际机场,重庆市,重庆市,渝北区,29.72315522,106.6452256
71,特来电充电站(重庆山语印象养老充电站),重庆市沙坪坝区新山路G85号,重庆市,重庆市,沙坪坝区,29.52186804,106.434595
72,星星充电充电站(重庆市长途汽车站站),重庆市渝中区菜园坝街道老麻抄手(菜园坝店),重庆市,重庆市,渝中区,29.55460998,106.5567836
73,达克云充电站(重庆跨世纪),重庆市南岸区茶园樱花路2号,重庆市,重庆市,南岸区,29.48714646,106.6646847
74,电动汽车充电站,重庆市巴南区江滨路36号,重庆市,重庆市,巴南区,29.39762288,106.5101266
75,特来电充电站(江北金源时代),重庆市江北区建新西路29-1号,重庆市,重庆市,江北区,29.57735105,106.5385729
76,特来电充电站(重庆熙街熙都会站),重庆市沙坪坝区景苑路美丽时光,重庆市,重庆市,沙坪坝区,29.61268913,106.3090963
77,国家电网充电站(重庆朝天门公交枢纽充电站(LG)),重庆市渝中区朝天门公交枢纽站(公交站),重庆市,重庆市,渝中区,29.56465471,106.5527667
78,国家电网充电站(重庆市渝北区壹鹿驾校站),重庆市渝北区松石大道松石北路58号,重庆市,重庆市,渝北区,29.59079153,106.5119302
79,重庆能源充电站(渝北区时装小镇),重庆市渝北区回兴街道羽裳路21号,重庆市,重庆市,渝北区,29.67177267,106.6292281
80,南方众悦重庆双碑充电站,重庆市沙坪坝区双碑街34号-附18号,重庆市,重庆市,沙坪坝区,29.60901709,106.4496325
81,万马爱充充电站(牛角沱站),重庆市渝中区美专校街66号附1号B1层,重庆市,重庆市,渝中区,29.56439075,106.5528435
82,万马爱充充电站(重庆北站南广场公交枢纽站),重庆市渝北区昆仑大道50号南广场公交枢纽站内,重庆市,重庆市,渝北区,29.61306075,106.5574308
83,重庆科技馆充电站(重庆科技馆停车场),文星门街重庆科技馆,重庆市,重庆市,江北区,29.578407,106.584431
84,重庆华通驾校充电站,重庆市大渡口区福溪大道中国石油福茄路加油站西侧约40米,重庆市,重庆市,大渡口区,29.43573524,106.4761666
85,万马爱充充电站(花园新村站),重庆市渝北区松石北路146号,重庆市,重庆市,渝北区,29.59335798,106.511841
86,特来电充电站(金山大厦),重庆市渝北区金渝大道66号金山大厦,重庆市,重庆市,渝北区,29.64890441,106.5724958
87,特斯拉超级充电站(重庆市佳宇英皇酒店站）,重庆市九龙坡区杨家坪直港大道206号,重庆市,重庆市,九龙坡区,29.51091598,106.536872
88,迅电快充汽车充电站(人和园站),重庆市渝北区庐山大道比华利豪园东侧约150米,重庆市,重庆市,渝北区,29.61728416,106.5401739
89,新能源充电站,重庆市沙坪坝区北站东路200号沙坪坝站B4层,重庆市,重庆市,沙坪坝区,29.5601003,106.4665197
90,海福路·友蓉利汽车充电站,重庆市渝北区宝圣湖街道兴科五路,重庆市,重庆市,渝北区,29.68642475,106.6012261
91,星星充电汽车充电站(城南未来),重庆市巴南区龙洲湾街道城南未来I33停车场,重庆市,重庆市,巴南区,29.39536106,106.545614
92,速电通充电站(石马河),重庆市江北区宏帆路壹江城,重庆市,重庆市,江北区,29.59087389,106.4721171
93,驿满电动汽车充电站(两江名居站),重庆市北碚区蔡顺路两江名居-D区东侧约40米,重庆市,重庆市,北碚区,29.75291453,106.5056862
94,万马爱充充电站(重庆市石桥广场),重庆市九龙坡区渝州路59号,重庆市,重庆市,九龙坡区,29.54072991,106.4984583
95,速电通充电站(黄山大道),重庆市渝北区高新园黄山大道中段66号,重庆市,重庆市,渝北区,29.62092701,106.509339
96,星星充电充电站(奥蓝酒店),重庆市渝北区双龙大道218号,重庆市,重庆市,渝北区,29.71195099,106.630999
97,星星充电站(重庆SM广场),重庆市渝北区松石大道148号重庆SM广场B1,重庆市,重庆市,渝北区,29.58853611,106.5016588
98,小桔充电充电站,重庆市南岸区莲池路重庆华臻汽车维修服务有限公司,重庆市,重庆市,南岸区,29.50419713,106.6406507
99,开迈斯充电站,重庆市南岸区南坪北路8号B1层,重庆市,重庆市,南岸区,29.53597424,106.5719912
100,开迈斯充电站,重庆市沙坪坝区大学城中路9号B2层502~509号车位,重庆市,重庆市,沙坪坝区,29.58996074,106.3121452
101,特来电充电站(渝泊停车场),重庆市渝中区鹅岭正街26号,重庆市,重庆市,渝中区,29.5553139,106.546944
102,驿满电动汽车充电站(五里店站),重庆市江北区五里店街道建新东路251号,重庆市,重庆市,江北区,29.58560339,106.5625638
103,腾势充电站(茶园鲁能领秀城站),重庆市南岸区天文街道中国石油茶园东加油站鲁能领秀城1街区,重庆市,重庆市,南岸区,29.49892803,106.636137
104,蔚来充电站(重庆上邦酒店站),重庆市九龙坡区上邦路3号上邦酒店B1层013-017号车位,重庆市,重庆市,九龙坡区,29.49847457,106.3016611
105,万马爱充充电站(龙湖时代天街C馆),重庆市渝中区长江二路174号龙湖重庆时代天街C馆B2,重庆市,重庆市,渝中区,29.541041,106.519165
106,特来电充电站(重庆解放碑英利国际),重庆市渝中区民权路26号,重庆市,重庆市,渝中区,29.56228,106.58173
107,特来电充电站(两路口希尔顿A区),重庆市渝中区中山三路133号重庆希尔顿酒店B2F,重庆市,重庆市,渝中区,29.561347,106.556081
108,特来电充电站(解放碑协信星光),重庆市渝中区五一路99号协信星光广场B4,重庆市,重庆市,渝中区,29.565233,106.587285
109,汽车充电站(经纬大道),重庆市渝中区经纬大道美源·美源西侧约50米,重庆市,重庆市,渝中区,29.552543,106.505432
110,特来电充电站(重庆渝中区湖广会馆充电站),重庆市渝中区长滨路湖广会馆,重庆市,重庆市,渝中区,29.564423,106.59432
111,云杉智慧充电站(七星岗站),重庆市渝中区七星岗财信渝中城旁露天停车场,重庆市,重庆市,渝中区,29.562701,106.574257
112,特来电充电站(歇台子金银湾),重庆市渝中区金银湾209号,重庆市,重庆市,渝中区,29.543563,106.506982
113,星星充电站(R汽车重庆龙湖时代天街...,重庆市渝中区石油路街道时代大道龙湖重庆时代天街C馆地下停车库B1-K25区,重庆市,重庆市,渝中区,29.540587,106.518896
114,小桔充电充电站(BP快充(重庆渝中...,重庆市渝中区重庆国贸格兰维大酒店-地下停车场,重庆市,重庆市,渝中区,29.563522,106.580472
115,国家电网充电站(重庆市渝中区沧白路...,重庆市渝中区沧白路75号附5号,重庆市,重庆市,渝中区,29.567639,106.584952
116,开迈斯充电站(重庆市十八梯传统风貌...,重庆市渝中区十八梯重庆精一民族小学(分部)南侧约110米,重庆市,重庆市,渝中区,29.557519,106.578558
117,国家电网汽车充电站(渝中区市急救医...,重庆市渝中区市急救医疗中心充电站,重庆市,重庆市,渝中区,29.557811,106.551866
118,星星充电充电站(大融汇站),重庆市渝中区朝天门街道新华路3号,重庆市,重庆市,渝中区,29.567888,106.59138
119,星星充电充电站(R汽车重庆龙湖时代...,重庆市渝中区石油路街道时代大道龙湖重庆时代天街02C馆地下停车库B1-K25区(车位号H734到H740),重庆市,重庆市,渝中区,29.542776,106.5187
120,特来电充电站(重庆渝海城B区站),重庆市渝中区民生路318号车库负五楼G5204~213号车位,重庆市,重庆市,渝中区,29.56357,106.575389
121,特来电充电站(龙家湾里面地产),重庆市渝中区嘉滨路219号,重庆市,重庆市,渝中区,29.572358,106.561165
122,国家电网充电站(龙湖时代天街A馆B2站),重庆市渝中区大坪正街75号附7号时代天街A馆负2楼M区107~109号,重庆市,重庆市,渝中区,29.543737,106.517742
123,万马爱充充电站(万马爱充龙湖时代天...,重庆市渝中区长江二路龙湖重庆时代天街D馆B2,重庆市,重庆市,渝中区,29.539282,106.520588
124,国家电网汽车充电站(南区公园路),重庆市渝中区南区公园路重庆市解放路中药材专业市场,重庆市,重庆市,渝中区,29.558301,106.559301
125,开迈斯充电站,重庆市渝中区石油路1号B1层124、125、126、127、129、130、131、132号车位,重庆市,重庆市,渝中区,29.548051,106.516738
126,国家电网充电站(龙湖时代天街A馆),重庆市渝中区时代天街A馆负三楼E区D100~D103号,重庆市,重庆市,渝中区,29.54439,106.517306
127,特来电充电站(重庆万友康年大酒店),重庆市渝中区长江二路77号(地下车库负一楼B4区),重庆市,重庆市,渝中区,29.545783,106.526626
128,特来电充电站(特来电站重庆企业天地...,重庆市渝中区企业天地2号楼,重庆市,重庆市,渝中区,29.55672,106.522318
129,特来电充电站(特来电站重庆协信总部...,重庆市渝中区经纬大道协信总部城A区,重庆市,重庆市,渝中区,29.551596,106.507016
130,特来电充电站(重庆渝中康德国际SO...,重庆市渝中区大坪经纬大道333号康德国际SOCO写字楼,重庆市,重庆市,渝中区,29.549258,106.523781
131,特斯拉充电站(重庆解放碑威斯汀酒店站),重庆市渝中区新华路222号申基金融广场负三层停车场,重庆市,重庆市,渝中区,29.563646,106.586963
132,渝充电充电站(重宾商务大厦),重庆市渝中区民生路279号,重庆市,重庆市,渝中区,29.563562,106.57678
133,星星充电充电站(渝中区地下环道停车场站),重庆市渝中区解放碑地下环道邹容广场西北门南侧约30米,重庆市,重庆市,渝中区,29.564681,106.578819
134,国家电网充电站(石油路街道龙湖时代...,重庆市渝中区时代天街A馆负三楼E区D100-D103号,重庆市,重庆市,渝中区,29.54473,106.52116
135,蔚来充电站(重庆来福士广场站),重庆市渝中区朝天门街道重庆来福士广场,重庆市,重庆市,渝中区,29.570875,106.593794
136,泰坦豪特汽车充电站(华一新街),重庆市渝中区中山一路148号停车场,重庆市,重庆市,渝中区,29.562294,106.569785
137,特斯拉目的地充电站(重庆翰文大酒店...,重庆市渝中区双钢路1号,重庆市,重庆市,渝中区,29.566755,106.571034
138,国家电网充电站(重庆市渝中区化龙桥...,重庆市渝中区化龙桥瑞天路128号重庆天地(商业区)充电站,重庆市,重庆市,渝中区,29.559714,106.511444
139,国家电网充电站(雍江苑1号),重庆市渝中区瑞天路196号车库028车位旁,重庆市,重庆市,渝中区,29.55989,106.509081
140,国家电网充电站(渝中区机关事务管理局站),重庆市渝中区机关事务管理局旁,重庆市,重庆市,渝中区,29.559222,106.575379
141,特斯拉超级充电站(重庆解放碑协信星...,重庆市渝中区五一路99号协信星光广场B1层C区B1-128车位对面,重庆市,重庆市,渝中区,29.564764,106.587138
142,国家电网充电站(雍江艺庭),重庆市渝中区瑞天路,重庆市,重庆市,渝中区,29.559144,106.512363
143,特来电充电站(特来电站重庆协信阿卡...,六店子协信阿卡迪亚E3高,重庆市,重庆市,渝中区,29.553794,106.495905
144,星星充电充电站(重庆仁孚-奔驰星驿...,重庆市渝中区经纬大道789号1-3号,重庆市,重庆市,渝中区,29.552613,106.505403
145,重庆锦若渝充电(重宾充电站),重庆市渝中区民生路283号,重庆市,重庆市,渝中区,29.563322,106.576813
146,蔚来目的地充电站(重庆龙湖时代天街),重庆市渝中区龙湖时代天街C馆车库P11停车场B1层H587-H592车位,重庆市,重庆市,渝中区,29.543036,106.51809
147,小鹏汽车超级充电站(重庆大坪商社站),重庆市渝中区石油路街道石油路10号商社时代,重庆市,重庆市,渝中区,29.550081,106.515513
148,国家电网充电站(重庆市渝中区邹容小...,重庆市渝中区中山二路73号,重庆市,重庆市,渝中区,29.563788,106.571445
149,特来电汽车充电站(重庆协信总部城),重庆市渝中区大坪石油路虎头岩转盘旁,重庆市,重庆市,渝中区,29.55147,106.506905
150,合创-重庆市工业学校充电站,重庆市渝中区交农村360号,重庆市,重庆市,渝中区,29.555712,106.509655
151,国家电网充电站(江北区北城天街),重庆市江北区北城天街充电站,重庆市,重庆市,江北区,29.582799,106.538537
152,特来电充电站(江北区政府),重庆市江北区重庆市江北区寸滩街道重庆市江北区房屋管理局重庆市江北区人民政府,重庆市,重庆市,江北区,29.61286,106.581268
153,云快充充电站(江北区鹿角湾),盘溪二支路加气站旁,重庆市,重庆市,江北区,29.580648,106.491798
154,国家电网充电站(重庆市江北区阳光一百站),重庆市江北区五里店五江路14号明日城市露天停车场,重庆市,重庆市,江北区,29.587213,106.570713
155,开迈斯超级充电站(重庆龙湖源著天街),重庆市江北区福泉路龙湖源著天街B2层停车场,重庆市,重庆市,江北区,29.604776,106.495604
156,渝小鱼充电站(重庆渝澳大道新能源站),重庆市江北区重庆江北渝澳大道69号,重庆市,重庆市,江北区,29.582804,106.527348
157,特来电充电站(重庆市江北区大石坝园达),重庆市江北区大石坝7村200号,重庆市,重庆市,江北区,29.573931,106.495285
158,交运·速电通(江北嘴中央公园超级充电站),重庆市江北区江北嘴中央公园地下停车库A区负二楼,重庆市,重庆市,江北区,29.578827,106.581039
159,鹿角湾超级充电站,重庆市江北区盘溪路中国石油加气站南侧约40米,重庆市,重庆市,江北区,29.580828,106.491955
160,猎户座充电站(江北区锦嘉国际站),重庆市江北区江北城街道北滨二路成大·锦嘉国际大厦,重庆市,重庆市,江北区,29.578039,106.580283
161,重庆市江北区阳光100充电站,重庆市江北区渝鲁大道渝能明日城市,重庆市,重庆市,江北区,29.587193,106.570731
162,特来电充电站(珠江鎏嘉码头b区),重庆市江北区北滨路一号,重庆市,重庆市,江北区,29.57721,106.567206
163,国家电网充电站(重庆市江北区复盛福...,重庆市江北区渝景大道191号,重庆市,重庆市,江北区,29.65317,106.801129
164,特斯拉目的地充电站(重庆海洋公园),重庆市江北区观音桥北城天街13号海洋公园,重庆市,重庆市,江北区,29.588104,106.542086
165,驿满电动汽车充电站(福佑路站),重庆市江北区福佑路公交站场内,重庆市,重庆市,江北区,29.599621,106.482885
166,五里店紫微星超级充电站,重庆市江北区五里店街道雨花社区勤俭二村停车场2层,重庆市,重庆市,江北区,29.584428,106.555205
167,特来电充电站(曙光工业园C区),重庆市江北区港安二路48号曙光工业园C区,重庆市,重庆市,江北区,29.631928,106.611741
168,星星充电汽车充电站(公共机构),寸滩街道重庆市江北区人民政府,重庆市,重庆市,江北区,29.612437,106.581276
169,开迈斯充电站(重庆市龙湖络绎站(直流)),重庆市江北区建北六支路12号地下B2层停车场B071~B078车位,重庆市,重庆市,江北区,29.58513,106.53482
170,特斯拉超级充电站(重庆东原新新PA...,重庆市江北区红盛路37号东原悦荟新新Park购物中心B3层B区A16~A20排,重庆市,重庆市,江北区,29.57642,106.503861
171,星星充电站(长安汽车鱼嘴发动机厂),重庆市江北区两江新区鱼嘴镇长安大道107号,重庆市,重庆市,江北区,29.63402,106.748308
172,国家电网充电站(重庆电动汽车服务有...,重庆市南岸区茶花路29号,重庆市,重庆市,南岸区,29.474534,106.635751
173,国家电网充电站(南岸区),重庆市南岸区南湖路11-1号,重庆市,重庆市,南岸区,29.527197,106.577293
174,特来电充电站(重庆南岸区康德国会山...,重庆市南岸区辅仁路8号,重庆市,重庆市,南岸区,29.53472,106.584104
175,国家电网充电站(重庆市南岸区长江国际站),重庆市南岸区南滨路22号长江国际地下停车库,重庆市,重庆市,南岸区,29.545807,106.572657
176,国家电网充电站(重庆市南岸区南湖公...,重庆市巴南区排白路南湖公租房南区充电站,重庆市,重庆市,南岸区,29.337238,106.654582
177,国家电网充电站(南岸区金台大厦),重庆市南岸区南坪西路23号,重庆市,重庆市,南岸区,29.534115,106.570723
178,国家电网充电站(重庆市南岸区上海城...,重庆市南岸区上海城商业中心充电站,重庆市,重庆市,南岸区,29.53526,106.566567
179,国网重庆市南岸区人人车充电站,重庆市南岸区白鹤路104号,重庆市,重庆市,南岸区,29.520889,106.563517
180,万马爱充充电站(南岸茶园公交),重庆市南岸区茶园公交换乘枢纽站内,重庆市,重庆市,南岸区,29.518897,106.66163
181,国家电网充电站(重庆市南岸区协信星...,重庆市南岸区南坪南路20号,重庆市,重庆市,南岸区,29.529127,106.577414
182,小桔充电充电站(重庆市江南体育馆站),重庆市南岸区烟雨路1号,重庆市,重庆市,南岸区,29.550884,106.597964
183,特来电充电站(丹龙体育文化公园),重庆市南岸区丹龙路40号,重庆市,重庆市,南岸区,29.517472,106.560845
184,国家电网南岸区莲池充电站,重庆市南岸区通江大道金科中央华府东侧约50米,重庆市,重庆市,南岸区,29.474809,106.6357
185,国家电网充电站(南岸区弹子石卫国路...,重庆市南岸区卫国路62号,重庆市,重庆市,南岸区,29.591495,106.596662
186,万马爱充充电站(重庆南岸区金辉地产...,重庆市南岸区南滨路12-18铜元道车库负一层2栋,重庆市,重庆市,南岸区,29.542917,106.548303
187,国家电网充电站(重庆市南岸区迎龙镇站),重庆市南岸区迎龙镇黄明路附近,重庆市,重庆市,南岸区,29.525263,106.71625
188,星星充电充电站(南岸区9号社区体育...,重庆市南岸区涂山镇华润凯旋天地弹子石万象汇,重庆市,重庆市,南岸区,29.607884,106.606136
189,国家电网充电站(重庆市南岸区放牛村...,重庆市南岸区南山街道放牛村委会,重庆市,重庆市,南岸区,29.580465,106.652445
190,国家电网充电站(重庆市南岸区烟雨路...,重庆市南岸区烟雨路和记黄埔充电站,重庆市,重庆市,南岸区,29.540039,106.59438
191,开迈斯充电站,重庆市南岸区南坪北路8号B1层083~092号车位,重庆市,重庆市,南岸区,29.537646,106.571244
192,国家电网充电站(重庆市南岸区供电公...,重庆市南岸区供电公司配网中心充电站,重庆市,重庆市,南岸区,29.518766,106.553824
193,小桔充电充电站(BP快速充电站(重...,重庆市南岸区重庆江南体育中心,重庆市,重庆市,南岸区,29.547849,106.593428
194,国家电网充电站(重庆南岸南山植物园站),重庆市南岸区南山街道重庆南山植物园,重庆市,重庆市,南岸区,29.560468,106.632956
195,国家电网汽车充电站(金紫街),重庆市南岸区南湖路15号,重庆市,重庆市,南岸区,29.527386,106.577264
196,合创充电站(南坪站),重庆市南岸区南坪街道江南大道39号,重庆市,重庆市,南岸区,29.528943,106.579631
197,国家电网充电站(重庆市南山区重庆南...,重庆市南岸区南山街道崇文路157号,重庆市,重庆市,南岸区,29.549668,106.612738
198,开迈斯充电站,重庆市南岸区白鹤路金菱车世界一汽大众金菱隆众4S店,重庆市,重庆市,南岸区,29.515827,106.56827
199,电动汽车交流充电桩,重庆市南岸区莲池路鲁能·领秀城-3街区,重庆市,重庆市,南岸区,29.504233,106.641864
200,国家电网充电站(南岸区东南医院站),重庆市南岸区通江大道东南医院,重庆市,重庆市,南岸区,29.513932,106.662472
201,澳威电车车充电站(南坪四公里站),重庆市南岸区南坪南路重庆船舶交易市场,重庆市,重庆市,南岸区,29.529652,106.579251
202,泰戈新能源充电站,重庆市南岸区海峡路8号,重庆市,重庆市,南岸区,29.525136,106.548984
203,国家电网充电站-东南门,重庆市南岸区茶花路卓越国虹时代中心北侧约170米,重庆市,重庆市,南岸区,29.487504,106.642237
204,保时捷充电桩,重庆市南岸区铜元局刘家花园96号重庆南岸保时捷中心内,重庆市,重庆市,南岸区,29.525623,106.546613
205,奥动换电(工贸站),重庆市南岸区南坪北路12号,重庆市,重庆市,南岸区,29.538603,106.569818
206,度普E站充电站(南岸区新天泽国际总...,重庆市南岸区江峡路新天泽·国际总部城南区,重庆市,重庆市,南岸区,29.530377,106.676986
207,国家电网汽车充电站(北门),重庆市南岸区南湖路26号-附32号,重庆市,重庆市,南岸区,29.518123,106.5718
208,云快充充电站(九龙坡区美每家站),重庆市九龙坡区福园路美每家建材家居广场北侧,重庆市,重庆市,九龙坡区,29.439217,106.44366
209,万马爱充充电站(重庆市九龙坡区聚业...,重庆市九龙坡区聚业路118号,重庆市,重庆市,九龙坡区,29.409896,106.349761
210,澳威充电站(九龙坡汽车城站),重庆市九龙坡区剑龙路绿云钢材市场-B区,重庆市,重庆市,九龙坡区,29.505098,106.489151
211,国家电网充电站(重庆市九龙坡区杨家...,重庆市九龙坡区杨家坪西城天街车库负三楼,重庆市,重庆市,九龙坡区,29.516636,106.523751
212,国家电网充电站(重庆市九龙坡区巴福...,重庆市九龙坡区巴福镇政府充电站,重庆市,重庆市,九龙坡区,29.419027,106.339825
213,云快充充电站(九龙坡区人民医院西城...,重庆市九龙坡区白市驿镇白欣路31号,重庆市,重庆市,九龙坡区,29.487695,106.379528
214,特来电充电站(重庆九龙坡京渝国际文...,重庆市九龙坡区滩子口正街29号附20号一层001-087车位,重庆市,重庆市,九龙坡区,29.507476,106.532127
215,国家电网充电站(重庆市九龙坡区九龙...,重庆市九龙坡区红狮西路3号,重庆市,重庆市,九龙坡区,29.510462,106.462526
216,驿满电动汽车充电站(科城路站),九龙坡区科城路公交枢纽站旁,重庆市,重庆市,九龙坡区,29.522002,106.489411
217,国家电网充电站(九龙坡区杨家坪电力...,重庆市九龙坡区杨家坪电力大厦,重庆市,重庆市,九龙坡区,29.518906,106.523841
218,特来电充电站(重庆九龙坡恒景天苑站),重庆市九龙坡区恒景天苑,重庆市,重庆市,九龙坡区,29.458699,106.44385
219,特来电充电桩(地面上),重庆市九龙坡区科城路79号,重庆市,重庆市,九龙坡区,29.516901,106.466826
220,国家电网充电站(二郎快速站),重庆市九龙坡区二郎街道科城路79号重庆市留学生创业园,重庆市,重庆市,九龙坡区,29.516914,106.46746
221,迅电快充汽车充电站(直港大道站),重庆市九龙坡区南北大道(无人售票停车场4楼交巡警平台旁),重庆市,重庆市,九龙坡区,29.5158,106.530846
222,合创充电站(九龙坡汽车城站),重庆市九龙坡区绿云石都B区14栋,重庆市,重庆市,九龙坡区,29.505208,106.489341
223,开迈斯充电站(九龙坡印象汇站(直流)),重庆市九龙坡区西郊路西郊三村2号B1层停车场,重庆市,重庆市,九龙坡区,29.506564,106.518401
224,小鹏超级充电站(重庆石桥广场站),重庆市九龙坡区华轩路25号,重庆市,重庆市,九龙坡区,29.542153,106.498555
225,蔚来目的地充电站(重庆龙湖西城天街站),重庆市九龙坡区杨家坪街道兴胜路龙湖重庆西城天街B2层B区,重庆市,重庆市,九龙坡区,29.516224,106.524612
226,国家电网充电站(江津西彭供电营业厅站),重庆市九龙坡区铝城大道森迪时代广场东南侧约160米,重庆市,重庆市,九龙坡区,29.326219,106.334899
227,速电通充电站(奥体),重庆市九龙坡区好韵高尔夫俱乐部,重庆市,重庆市,九龙坡区,29.531932,106.507926
228,万春充电桩,重庆市九龙坡区S107(津马大道),重庆市,重庆市,九龙坡区,29.452625,106.289988
229,快来电充电站(美茵公园站AI快充),重庆市九龙坡区兰美路立交,重庆市,重庆市,九龙坡区,29.534746,106.468588
230,星星充电充电站(万盛平山消防产业园站),重庆市九龙坡区消防产业园物业服务中心(平山三路),重庆市,重庆市,九龙坡区,29.443812,106.452597
231,特来电充电站(特来电站重庆尊德立名...,重庆市九龙坡区经纬大道1095号,重庆市,重庆市,九龙坡区,29.551203,106.496615
232,国家电网充电站(重庆市沙坪坝区西永...,重庆市沙坪坝区西永龙湖U城商业街,重庆市,重庆市,沙坪坝区,29.612809,106.299018
233,小桔充电站(重庆市沙坪坝区站西路),重庆市沙坪坝区沙坪坝站西路,重庆市,重庆市,沙坪坝区,29.563183,106.452826
234,达克云充电站(沙坪坝区五喜超级充电站),重庆市沙坪坝区天星桥街道磁器口环卫所融汇国际温泉城·上筑,重庆市,重庆市,沙坪坝区,29.563207,106.453027
235,国家电网充电站(沙坪坝区大学城),重庆市沙坪坝区大学城附属医院停车场,重庆市,重庆市,沙坪坝区,29.624981,106.313845
236,特来电充电站(重庆沙坪坝沙南街停车库),重庆市沙坪坝区沙南街16号,重庆市,重庆市,沙坪坝区,29.567913,106.469649
237,国家电网充电站(重庆市沙坪坝区蓝香缘站),重庆市沙坪坝区中梁镇石院村,重庆市,重庆市,沙坪坝区,29.643215,106.408354
238,特来电充电站(沙坪坝杰邦荔枝园),重庆市沙坪坝区重庆市沙坪坝区红槽房荔枝桥4号,重庆市,重庆市,沙坪坝区,29.556353,106.453424
239,国家电网充电站(重庆市沙坪坝区井口...,重庆市沙坪坝区井口美丽阳光家园1期充电站,重庆市,重庆市,沙坪坝区,29.650069,106.45161
240,国家电网充电站(沙坪坝区井口美丽阳...,重庆市沙坪坝区井口街道平安大道美丽阳光家园2期充电站,重庆市,重庆市,沙坪坝区,29.647896,106.452239
241,国家电网充电站(沙坪坝区陈家桥政府...,重庆市沙坪坝区滨河路政府集资大楼附近,重庆市,重庆市,沙坪坝区,29.622299,106.338878
242,小桔充电充电站(重庆市沙坪坝区大学城站),重庆市沙坪坝区大学城龙湖听蓝湾,重庆市,重庆市,沙坪坝区,29.612814,106.293249
243,国家电网充电站(重庆市沙坪坝区井口...,重庆市沙坪坝区井口龙润尚城充电站,重庆市,重庆市,沙坪坝区,29.658391,106.463084
244,国家电网充电站(重庆市沙坪坝区大学...,重庆市沙坪坝区虎溪街道大学城南路37号龙湖睿城A区,重庆市,重庆市,沙坪坝区,29.599218,106.314663
245,国家电网充电站(重庆市沙坪坝区井口...,重庆市沙坪坝区井口美丽阳光家园3期充电站,重庆市,重庆市,沙坪坝区,29.645008,106.454566
246,特来电充电站(重庆沙坪坝石井坡站),重庆市沙坪坝区石井坡互助湾58号旁建设坡社区停车场,重庆市,重庆市,沙坪坝区,29.599356,106.450823
247,重庆驿满汽车充电站(沙坪坝区陈家桥...,重庆市沙坪坝区怡悦路学府悦园,重庆市,重庆市,沙坪坝区,29.633159,106.337823
248,特来电充电站(重庆大学城青年广场站),重庆市沙坪坝区虎溪街道大学城中路大学城中央公园,重庆市,重庆市,沙坪坝区,29.608029,106.313467
249,合创充电充电站(大学城),重庆市沙坪坝区虎溪街道大学城中路大学城中央公园,重庆市,重庆市,沙坪坝区,29.611065,106.31369
250,猎户座超级充电站(沙坪坝区站西路五喜站),站西路环卫站,重庆市,重庆市,沙坪坝区,29.562638,106.454123
251,驿满电动汽车充电站,重庆市沙坪坝区曾康街,重庆市,重庆市,沙坪坝区,29.555331,106.310556
252,特来电汽车充电站(重庆沙坪坝区汇贤公园),重庆市沙坪坝区汇贤路西城的湖湿地公园,重庆市,重庆市,沙坪坝区,29.598388,106.323729
253,驿满电动汽车充电站,重庆市沙坪坝区中新路中梁名都北侧约80米,重庆市,重庆市,沙坪坝区,29.643815,106.417825
254,蔚来能源充电站(长沙天心区雀园路),重庆市沙坪坝区石新路志达停车场内,重庆市,重庆市,沙坪坝区,29.531947,106.459338
255,特来电充电站(沙坪坝中颐农场),坝歌乐山街道天池村,重庆市,重庆市,沙坪坝区,29.57421,106.41456
256,沙滨路超级充电站,重庆市沙坪坝区滨江路华宇·金沙东岸北侧,重庆市,重庆市,沙坪坝区,29.55905,106.491109
257,国家电网充电站(肿瘤医院有序公共站),重庆市沙坪坝区汉渝路重庆大学附属肿瘤医院停车场,重庆市,重庆市,沙坪坝区,29.566158,106.481843
258,特来电充电站(科能汽车站),重庆市沙坪坝区金桥路61号,重庆市,重庆市,沙坪坝区,29.515941,106.449449
259,国家电网充电站(曾家服务区江津),重庆市沙坪坝区曾家镇G5001重庆绕城高速曾家服务区,重庆市,重庆市,沙坪坝区,29.542685,106.293888
260,星空充电超级快充站,重庆市沙坪坝区沙滨路10号附26(铭火锅下方停车场旁),重庆市,重庆市,沙坪坝区,29.558953,106.485349
261,特来电充电站(大渡口区2号社区体育...,重庆市大渡口区双城路165号,重庆市,重庆市,大渡口区,29.496205,106.472532
262,特来电充电站(重庆市大渡口区耍街),重庆市大渡口区跃进路钢城耍街停车场,重庆市,重庆市,大渡口区,29.496226,106.504307
263,百源智联汽车充电站(重庆大渡口蓝光...,松青路蓝光中央广场,重庆市,重庆市,大渡口区,29.484761,106.486788
264,小鹏汽车充电站(重庆市大渡口区耍街...,重庆市大渡口区跃进路钢城耍街停车场,重庆市,重庆市,大渡口区,29.496303,106.504625
265,万马新能源充电站,重庆市大渡口区双城路中豪公园尚城,重庆市,重庆市,大渡口区,29.496966,106.471461
266,特来电充电站(马王街停车场),重庆市大渡口区马王街74号,重庆市,重庆市,大渡口区,29.496477,106.497755
267,达克云充电站(重庆岳华元石国际站),重庆市大渡口区建桥工业园银桥路1号,重庆市,重庆市,大渡口区,29.450002,106.488306
268,BP快速充电站(重庆大渡口天泰时代...,重庆市大渡口区翠柏路天泰·时代星座-停车场,重庆市,重庆市,大渡口区,29.470503,106.481134
269,岳华新能源充电站(元石国际站),重庆市大渡口区建桥工业园银桥路1号,重庆市,重庆市,大渡口区,29.449992,106.487765
270,国家电网充电站(重庆市九龙坡区巴福...,重庆市九龙坡区巴福镇赵大路九龙园C区,重庆市,重庆市,大渡口区,29.409713,106.353097
271,小鹏汽车超级充电站(重庆大渡口万达...,重庆市大渡口区八桥镇金桥路万达广场,重庆市,重庆市,大渡口区,29.457229,106.484895
272,星星充电充电站(华生园大厦站),重庆市九龙坡区九龙街道凯邦支路华生园大厦,重庆市,重庆市,大渡口区,29.503401,106.473207
273,云快充充电站(重庆华通驾校站),重庆市大渡口区华通驾校训练基地,重庆市,重庆市,大渡口区,29.435862,106.475368
274,星星充电充电站(重庆中升汇迪站),重庆市大渡口区西城大道9号,重庆市,重庆市,大渡口区,29.45887,106.481518
275,达克云充电站(飞恒能源万象汇站(A...,万象汇文体路99号,重庆市,重庆市,大渡口区,29.486087,106.493626
276,度普E站充电站(铭鑫鼎尚源站),重庆市大渡口区五福路铭鑫鼎尚源东南侧,重庆市,重庆市,大渡口区,29.460267,106.462193
277,小鹏汽车超级充电站(重庆新天泽国际...,重庆市大渡口区春晖路街道步行街新天泽国际广场,重庆市,重庆市,大渡口区,29.481055,106.487607
278,重庆燃气CNG加气站(大渡口跳磴站),重庆市大渡口区田西路与跳蹬街交叉路口往西约50米(建桥工业园区),重庆市,重庆市,大渡口区,29.416807,106.433748
279,中国电信(重庆大渡口分公司),重庆市大渡口区钢花路760号,重庆市,重庆市,大渡口区,29.481593,106.490516
280,国家电网充电站(重庆市北碚区蔡家站),重庆市北碚区童家溪镇同兴南路,重庆市,重庆市,北碚区,29.680401,106.453685
281,国家电网充电站(重庆市北碚区水土站),重庆市北碚区两江新区云汉大道117号,重庆市,重庆市,北碚区,29.808083,106.536638
282,国家电网充电站(重庆市北碚区复兴镇...,重庆市北碚区复兴镇和源路充电站,重庆市,重庆市,北碚区,29.807312,106.561922
283,国家电网充电站(重庆市北碚区缙善路站),重庆市北碚区缙善路缙能花园,重庆市,重庆市,北碚区,29.811326,106.414659
284,国家电网充电站(重庆市北碚区大学科技园),重庆市北碚区安礼路重庆市矿业工程学校南侧约30米,重庆市,重庆市,北碚区,29.805709,106.396029
285,国家电网充电站(重庆市北碚区偏岩金...,重庆市北碚区偏岩金刀峡景区充电站,重庆市,重庆市,北碚区,30.007422,106.66008
286,国家电网充电站(北碚区碚城南供电营业厅),重庆市北碚区碚南大道203号,重庆市,重庆市,北碚区,29.809913,106.412899
287,驿满电动汽车充电站(碚都佳园站),重庆市北碚区墨香路碚都佳园公交站场内,重庆市,重庆市,北碚区,29.717727,106.483662
288,国家电网充电站(北碚区机关事务管理...,重庆市北碚区文远路,重庆市,重庆市,北碚区,29.804693,106.393596
289,国家电网充电站(重庆市北碚区五农街...,重庆市北碚区天生街道西南大学,重庆市,重庆市,北碚区,29.822466,106.429766
290,国家电网充电站(重庆市北碚区滨江公园站),重庆市北碚区碚峡路36号,重庆市,重庆市,北碚区,29.836599,106.450284
291,国家电网充电站(北碚区黄桷供电营业所),重庆市北碚区黄桷供电营业所充电站停车场,重庆市,重庆市,北碚区,29.853218,106.453623
292,国家电网充电站(重庆市北碚区复兴医院站),重庆市北碚区复兴医院,重庆市,重庆市,北碚区,29.824466,106.544306
293,国网重庆市北碚区滨江公园充电站,重庆市北碚区滨江路北碚公园(中山路)东北侧约190米,重庆市,重庆市,北碚区,29.835165,106.452598
294,特来电充电站(重庆北碚天生丽街站),重庆市北碚区天溪路天生丽街(天生路),重庆市,重庆市,北碚区,29.821881,106.430769
295,特来电充电站(北碚回龙桥公园),重庆市北碚区碚青路欣和佳苑西北侧约60米,重庆市,重庆市,北碚区,29.797953,106.396818
296,国家电网充电站(北碚区供电公司龙凤...,重庆市北碚区供电公司龙凤桥检修基地,重庆市,重庆市,北碚区,29.815517,106.438456
297,国网易充电充电站(滨江公园),重庆市北碚区碚峡路36号,重庆市,重庆市,北碚区,29.835179,106.452675
298,驿满电动汽车充电站(天润·光亮城站),重庆市北碚区冯时行路北碚爱尔眼科医院斜对面,重庆市,重庆市,北碚区,29.793234,106.412206
299,国家电网充电站(渝广高速静观服务区...,重庆市北碚区渝广高速静观服务区停车场(重庆方向),重庆市,重庆市,北碚区,29.905561,106.60531
300,国网重庆北碚状元府第充电站,重庆市北碚区文林路海宇状元府第东南侧约30米,重庆市,重庆市,北碚区,29.803117,106.414225
301,国家电网充电站(渝广高速静观服务区...,重庆市北碚区渝广高速静观服务区停车场(广安方向),重庆市,重庆市,北碚区,29.904465,106.609461
302,国家电网充电站(重庆市渝北区冉家坝...,重庆市渝北区龙山大道111号,重庆市,重庆市,北碚区,29.589278,106.50417
303,重庆碚积电新能源汽车充电服务有限公司,重庆市北碚区龙凤路兴旺华都东北侧约110米,重庆市,重庆市,北碚区,29.812496,106.438863
304,开迈斯充电站(万达广场北碚店站(直流)),重庆市北碚区冯时行路300号1A层E区,重庆市,重庆市,北碚区,29.803465,106.396768
305,国家电网充电站(重庆市渝北区大竹林街道),重庆市渝北区互联网产业园,重庆市,重庆市,北碚区,29.629647,106.499075
306,国家电网充电站(渝北区重庆北站南广场),重庆市渝北区昆仑大道重庆北站南广场汽车站地下车库,重庆市,重庆市,北碚区,29.612883,106.553177
307,驿满电动汽车充电站(云开路站),重庆市北碚区云开路公交站场内,重庆市,重庆市,北碚区,29.828684,106.412166
308,国家电网充电站(重庆市北碚区东津沱...,重庆市北碚区东津沱供电营业厅,重庆市,重庆市,北碚区,29.827047,106.530121
309,双柏支路汽车充电站,重庆市北碚区双柏路358号,重庆市,重庆市,北碚区,29.815223,106.415475
310,星星充电充电站(北碚区8号社区体育...,重庆市北碚区嘉运大道与同福路交叉路口往东北约270米,重庆市,重庆市,北碚区,29.762996,106.489324
311,营养充电站,重庆市北碚区歇马街东风花园西北侧约160米,重庆市,重庆市,北碚区,29.769088,106.374404
312,国家电网充电站(绕城高速复兴服务区...,重庆市北碚区绕城高速复兴服务区充电站(江津方向),重庆市,重庆市,北碚区,29.7824,106.557858
313,国家电网充电站(绕城高速复兴服务区...,重庆市北碚区绕城高速复兴服务区停车场(鱼嘴方向),重庆市,重庆市,北碚区,29.781241,106.554602
314,北碚区卓昕忠电动车经营部充电站,静观镇华静路111号,重庆市,重庆市,北碚区,29.900807,106.578162
315,特来电充电站(和源家园3区),重庆市北碚区方正大道和源家园内,重庆市,重庆市,北碚区,29.808295,106.562719
316,北碚区小西湖停车场-充电站,重庆市北碚区云华路西湖山水东北侧约60米,重庆市,重庆市,北碚区,29.815889,106.402569
317,特来电充电站(重庆和欣家园6区),重庆市北碚区水土镇泰和路1号,重庆市,重庆市,北碚区,29.808499,106.523215
318,特来电充电站(重庆和源家园4区),重庆市北碚区复兴镇吉水街272号,重庆市,重庆市,北碚区,29.817477,106.567015
319,小鹏汽车超级充电站(重庆国家大学科...,重庆市北碚区北温泉街道文远路重庆市北碚国家大学科技园,重庆市,重庆市,北碚区,29.806566,106.394524
320,特来电充电站(和欣家园6区),重庆市北碚区水土镇泰和路1号重庆和欣家园6区,重庆市,重庆市,北碚区,29.798026,106.513828
321,小鹏汽车超级充电站(重庆蔡家中昂星汇站),重庆市北碚区蔡家岗街道云锦路18号中昂星汇,重庆市,重庆市,北碚区,29.738389,106.490614
322,云快充充电站(灯塔公园B区站),重庆市北碚区嘉瑞大道12号,重庆市,重庆市,北碚区,29.729807,106.493254
323,万马爱充充电站(重庆北站南广场公交...,重庆市渝北区昆仑大道50号南广场公交枢纽站内,重庆市,重庆市,渝北区,29.612549,106.554263
324,小桔充电充电站(北环立交站),重庆市渝北区北环立交红星美凯龙(地上),重庆市,重庆市,渝北区,29.607948,106.500599
325,国家电网充电站(重庆市渝北区富抱泉小区),重庆市渝北区北部新区经开园金开大道1008号,重庆市,重庆市,渝北区,29.644672,106.554527
326,国家电网充电站(凤凰D座1号门),重庆市渝北区青枫北路20号凤凰D座1号门,重庆市,重庆市,渝北区,29.619343,106.505756
327,小桔充电站(金融中心),重庆市渝北区星光大道11号,重庆市,重庆市,渝北区,29.613756,106.513425
328,特斯拉超级充电站(重庆财富大厦(新...,重庆市渝北区洪湖东路9号,重庆市,重庆市,渝北区,29.613811,106.515593
329,特来电充电站(国际都会车库二期站),重庆市渝北区嘉州路中渝国际都会,重庆市,重庆市,渝北区,29.599974,106.527065
330,万马爱充充电站(双凤桥换乘枢纽站),重庆市渝北区临港大道110号(公交枢纽站内),重庆市,重庆市,渝北区,29.734812,106.640634
331,星星充电充电站(空港乐园生态停车场站),重庆市渝北区空港大道空港乐园B2区北侧约60米,重庆市,重庆市,渝北区,29.796608,106.662635
332,迅电快充汽车充电站(两江星界站),重庆市渝北区两江星界室外停车场,重庆市,重庆市,渝北区,29.621541,106.494774
333,国家电网充电站(重庆市渝北区棕榈泉小区),重庆市渝北区金开大道88号附4号棕榈泉小区内,重庆市,重庆市,渝北区,29.639032,106.547785
334,特来电充电站(重庆市渝北区东原香山站),重庆市渝北区宝圣湖街道东原·香山,重庆市,重庆市,渝北区,29.65375,106.600391
335,国家电网充电站(重庆机场B区),重庆市渝北区两路街道机场东二路重庆江北国际机场,重庆市,重庆市,渝北区,29.710355,106.667593
336,度普E站充电站(渝北区旭辉9英里二...,重庆市渝北区服装城大道(旭辉9英里二期B3层49~50车位),重庆市,重庆市,渝北区,29.668373,106.624079
337,国家电网充电站(鸳鸯),重庆市渝北区新能源产业园力帆厂区内,重庆市,重庆市,渝北区,29.690453,106.575877
338,国家电网充电站(重庆市渝北区力帆红...,重庆市渝北区力帆红星国际广场充电站,重庆市,重庆市,渝北区,29.647761,106.554963
339,国家电网充电站(重庆市渝北区凤凰D...,重庆市渝北区青枫北路20号凤凰D座停车场,重庆市,重庆市,渝北区,29.619122,106.506967
340,国家电网充电站(重庆渝北区EBD站),重庆市渝北区EBD生态商务区,重庆市,重庆市,渝北区,29.618539,106.516341
341,国家电网(空港充电站),重庆市渝北区五红路五红支路1号(五福路1号),重庆市,重庆市,渝北区,29.75441,106.652418
342,国家电网充电站(重庆市渝北区大竹林...,重庆市渝北区大竹林街道金科美邻汇二期停车场内,重庆市,重庆市,渝北区,29.625628,106.483474
343,度普E站汽车充电站(渝北区江与城星...,重庆市渝北区天山大道西段地下车库B1层226~227车位,重庆市,重庆市,渝北区,29.625793,106.472997
344,小桔充电充电站(恒大世纪城恒宏站),重庆市渝北区湖红路56号(恒大世纪城),重庆市,重庆市,渝北区,29.660784,106.526055
345,浩瀚能源充电站(ZEEKR Pow...,重庆市渝北区天山大道西段32号星怡广场地下停车场负一层,重庆市,重庆市,渝北区,29.627565,106.476918
346,特来电充电站(医科大学附属口腔科医院),重庆市渝北区松石北路422号市口腔科医院停车库负二层,重庆市,重庆市,渝北区,29.600022,106.511834
347,驿满电动汽车充电站(鲁能城站),重庆市渝北区公园北路鲁能城中央公馆,重庆市,重庆市,渝北区,29.733531,106.595225
348,驿满电动汽车充电站(欢乐谷站),重庆市渝北区嘉康路天际湾,重庆市,重庆市,渝北区,29.674031,106.518222
349,星星充电充电站(兰亭·新都汇站),重庆市渝北区兴科大道322号兰亭·新都汇,重庆市,重庆市,渝北区,29.694225,106.609578
350,双凤桥枢纽充电站,重庆市渝北区凤飞路双凤桥汽车站,重庆市,重庆市,渝北区,29.734595,106.641055
351,重庆金科美邻汇超级充电站(V3|新国标),重庆市渝北区斑竹路金科乐方B3层H17排225车位对面,重庆市,重庆市,渝北区,29.627413,106.481605
352,小鹏汽车超级充电站(重庆玥湖路站),重庆市渝北区人和街道玥湖路万科城,重庆市,重庆市,渝北区,29.649431,106.528076
353,快来充汽车充电站(北大资源商业三期),重庆市渝北区金州大道94号,重庆市,重庆市,渝北区,29.656794,106.538959
354,特来电汽车充电站(重庆渝北爱加欧郡),重庆市渝北区空港新城爱加欧郡二期,重庆市,重庆市,渝北区,29.723792,106.622727
355,小芳快充新能源汽车充电站(欢乐颂站),重庆市渝北区回兴街道兴科大道222号回兴欢乐颂,重庆市,重庆市,渝北区,29.698118,106.614618
356,科瓦新能壹棠充电站,重庆市渝北区金渝大道106号(重庆壹棠服务公寓旁),重庆市,重庆市,渝北区,29.637971,106.581839
357,特斯拉超级充电站(重庆临空假日酒店...,重庆市渝北区两港大道199号临空假日酒店地面停车场(入口,重庆市,重庆市,渝北区,29.681249,106.63716
358,浩瀚能源充电站(ZEEKRPowe...,重庆市渝北区金开大道60号两江天地地面停车位,重庆市,重庆市,渝北区,29.631925,106.537648
359,开迈斯充电站(龙湖家悦荟MOCOA...,"重庆市-渝北区-新南路166号龙湖MOCOB馆B3层C015-C018,C007-C010号车位",重庆市,重庆市,渝北区,29.607652,106.506423
360,小桔充电站(重庆市渝北区玫瑰城站),重庆市渝北区龙石路(中德茵莱国际西北侧约30米),重庆市,重庆市,渝北区,29.675881,106.61734
361,国家电网充电站(重庆市渝北区阳光五...,重庆市渝北区五洲大酒店后面停车场,重庆市,重庆市,渝北区,29.596682,106.529382
362,中交信达谦和新能源快乐充奥投汽车充电站,重庆市渝北区双凤桥街道长凯路315号奥投停车场,重庆市,重庆市,渝北区,29.755044,106.653575
363,金山意库充电站,重庆市渝北区两江新区金渝大道106号,重庆市,重庆市,渝北区,29.637709,106.581783
364,三峡国际企业园超级充电站,重庆市渝北区龙兴服务区,重庆市,重庆市,渝北区,29.678361,106.787534
365,国家电网充电站(重庆市渝北区世纪精...,重庆市渝北区世纪精信总部负二层,重庆市,重庆市,渝北区,29.619417,106.509601
366,云快充充电站(渝北区翠屏路站),重庆市渝北区回兴街道翠屏路3号2141,重庆市,重庆市,渝北区,29.675968,106.617577
367,国家电网充电站(重庆市渝北区鲁能六...,重庆市渝北区鲁能六街区地下车库,重庆市,重庆市,渝北区,29.597889,106.558706
368,泊充亚朵酒店-充电站,重庆市渝北区腾芳大道86号,重庆市,重庆市,渝北区,29.711768,106.605736
369,特来电充电站(特来电站盈田创意空间),重庆市渝北区鸳鸯街道葫芦村平峰路附近,重庆市,重庆市,渝北区,29.69853,106.541081
370,开迈斯充电站(重庆市龙湖晶郦馆站(...,重庆市渝北区新牌坊新南路160号龙湖晶郦馆B1层,重庆市,重庆市,渝北区,29.607208,106.511765
371,度普E站充电站(渝北区九里晴川商业...,重庆市渝北区通海二十路龙湖九里晴川东南侧约60米,重庆市,重庆市,渝北区,29.660598,106.491797
372,国家电网充电站(力帆),重庆市渝北区云竹路新能源产业园,重庆市,重庆市,渝北区,29.692556,106.575082
373,特斯拉超级充电站(重庆鲁能十三街区...,重庆市渝北区昆仑大道100号鲁能星城13街区B4层B401车位对面(入口,重庆市,重庆市,渝北区,29.612355,106.56939
374,特斯拉超级充电站(重庆远大文创园(...,重庆市渝北区镜泊中路5号远大文创公园地面停车场(入口,重庆市,重庆市,渝北区,29.640447,106.539059
375,重庆能投云杉智慧海领充电站(重庆海...,重庆市渝北区领航南路5号,重庆市,重庆市,渝北区,29.748274,106.659532
376,重庆空港安博电动汽车充电站,重庆市渝北区港通三路与通宝路交叉路口往东约120米,重庆市,重庆市,渝北区,29.802851,106.691188
377,特来电充电站(照母山森林公园地下停车场),重庆市渝北区黄山大道中段1号,重庆市,重庆市,渝北区,29.628887,106.503863
378,国家电网充电站(天一东苑站),重庆市渝北区冉家坝天一东苑车库停车场,重庆市,重庆市,渝北区,29.60045,106.511047
379,度普E站充电站(渝北区昱湖壹号观云...,渝北区礼慈路16号龙湖·昱湖壹号观云,重庆市,重庆市,渝北区,29.675355,106.500604
380,驿满电动汽车充电站(环湖雅居站),重庆市渝北区民秀一路环湖雅居B区-C组团,重庆市,重庆市,渝北区,29.771107,106.633724
381,重庆广泰充电站(重庆翠云派出所站),重庆市渝北区翠云街道金开大道1777号翠云派出所,重庆市,重庆市,渝北区,29.691929,106.577726
382,特斯拉充电站(财富中心),重庆市渝北区白杨路金科中华坊-紫园,重庆市,重庆市,渝北区,29.62082,106.522282
383,皓普E充电站,重庆市渝北区升伟晶石公元车库负一楼,重庆市,重庆市,渝北区,29.638719,106.540697
384,重庆能投三亚湾新能源汽车充电站,重庆市渝北区金石大道456号,重庆市,重庆市,渝北区,29.644404,106.59074
385,龙湖舜山府-充电站,重庆市渝北区人和街道登封路8号附36号,重庆市,重庆市,渝北区,29.640942,106.515345
386,重庆北站-手机充电站,重庆市渝北区昆仑大道51号附近重庆北站F2,重庆市,重庆市,渝北区,29.617071,106.557916
387,重庆宝创汽车销售服务有限公司电动汽...,重庆市渝北区金开大道15号,重庆市,重庆市,渝北区,29.643172,106.540453
388,建工嘉寓敏捷新能源快速充电桩,重庆市渝北区金桂支路,重庆市,重庆市,渝北区,29.652839,106.540145
389,特斯拉充电站(重庆金科美邻汇),重庆市渝北区斑竹路金科乐方B3层H17排225车位对面(入口,重庆市,重庆市,渝北区,29.627546,106.481223
390,国家电网充电站(高新管委会),重庆市璧山区璧青路宏康·浩宇东北侧约60米,重庆市,重庆市,渝北区,29.577071,106.242476
391,美丽充超级充电站,重庆市渝北区回兴街道金石大道398号,重庆市,重庆市,渝北区,29.64898,106.59442
392,宝马充电站(宝马站宝创汽车销售服务...,重庆市渝北区北部新区高新园金开大道15号,重庆市,重庆市,渝北区,29.643441,106.539924
393,特来电(渝北空港410高地),重庆市渝北区长翔路16号,重庆市,重庆市,渝北区,29.748705,106.642871
394,特来电充电桩,重庆市渝北区卧龙路重庆两江企业总部大厦,重庆市,重庆市,渝北区,29.688206,106.79633
395,蔚来超充站(重庆龙湖礼嘉天街),重庆市渝北区龙湖礼嘉天街B馆B1层山姆会员店入口处,重庆市,重庆市,渝北区,29.676488,106.498694
396,特来电充电站(重庆市巴南区江南水乡),重庆市巴南区花溪街道红光大道72号江南水乡旁北疆烤活羊旁,重庆市,重庆市,巴南区,29.468754,106.537428
397,特来电充电站(重庆巴南宗申金蓝湾),重庆市巴南区巴滨路888号宗申金蓝湾9栋1单元B2层481-498车位,重庆市,重庆市,巴南区,29.470305,106.511031
398,国家电网充电站(重庆市巴南区巴南公...,重庆市巴南区龙洲大道66号,重庆市,重庆市,巴南区,29.407572,106.544931
399,巴南区接龙镇公交枢纽站电动汽车充电站,重庆市巴南区渝道路与109乡道交叉口东约160米,重庆市,重庆市,巴南区,29.251874,106.792886
400,特来电充电站(地产重庆市巴南区华熙...,重庆市巴南区鱼洞街道青华路恒泰苑(鱼轻路),重庆市,重庆市,巴南区,29.386413,106.515342
401,特来电充电站(巴南区卢家岗体育文化公园),重庆市巴南区界石镇石美大道581号,重庆市,重庆市,巴南区,29.3916,106.608463
402,国家电网充电站(巴南区东泉中心卫生院站),重庆市巴南区东温泉镇金竹街141号,重庆市,重庆市,巴南区,29.461645,106.869967
403,国家电网充电站(重庆市巴南区木洞镇...,重庆市巴南区木洞镇黄金大道尚盟重庆时装产业园内,重庆市,重庆市,巴南区,29.560307,106.812669
404,国家电网充电站(巴南区一品镇政府站),重庆市巴南区一品镇政府,重庆市,重庆市,巴南区,29.291737,106.57235
405,国家电网充电站(重庆市巴南区IBG...,重庆市巴南区龙洲大道新成佳苑-B区东侧约70米,重庆市,重庆市,巴南区,29.425778,106.54384
406,速电通充电站(华南城站),重庆市巴南区华南城会展中心,重庆市,重庆市,巴南区,29.34554,106.621582
407,渝快充巴南箭河路充电站,重庆市巴南区化龙路359-4号,重庆市,重庆市,巴南区,29.383539,106.524129
408,国家电网充电站(重庆市巴南区界石镇...,重庆市巴南区界石镇五星村光合顶66号重庆高速南方运营分公司办公大楼停车场,重庆市,重庆市,巴南区,29.371244,106.627571
409,万马爱充充电站(中核普科特汽车站(...,重庆市巴南区东城大道8号,重庆市,重庆市,巴南区,29.356896,106.615316
410,国家电网充电站(巴南区巴文化公园三...,重庆市巴南区龙洲大道新成佳苑-B区东侧约100米,重庆市,重庆市,巴南区,29.425613,106.544333
411,智道充电(华南城充电站),重庆市巴南区玉华路华南城会展中心,重庆市,重庆市,巴南区,29.345474,106.621079
412,特来电充电站(重庆巴南宗申动力城站),重庆市巴南区渝南大道130号宗申动力城商业街地面停车场,重庆市,重庆市,巴南区,29.435495,106.553251
413,国家电网充电站(重庆市巴南区南彭街...,重庆市巴南区南彭街道办事处附近,重庆市,重庆市,巴南区,29.349824,106.660916
414,国家电网充电站(巴南区天星寺人民政府),重庆市巴南区天星街天星寺人民政府充电站,重庆市,重庆市,巴南区,29.354619,106.772237
415,特来电充电站(特来电站重庆巴南协信...,重庆市巴南区重庆市巴南区东城大道399号,重庆市,重庆市,巴南区,29.35225,106.616346
416,国家电网充电站(重庆巴南木洞公交站),重庆市巴南区南涪路三峭湾木洞公交枢纽,重庆市,重庆市,巴南区,29.573244,106.861536
417,渝快充(城南未来充电站),重庆市巴南区渝南大道城南未来-2期,重庆市,重庆市,巴南区,29.402542,106.549215
418,中科智充柔性智能充电站,重庆市巴南区金鹿大道重庆树人立德小学,重庆市,重庆市,巴南区,29.467979,106.626582
419,星星充电站(重庆巴南木洞服务区),重庆市巴南区木洞收费站木洞镇南涪路木洞收费站,重庆市,重庆市,巴南区,29.594835,106.889956
420,普科特电动汽车充电站(华南城站),重庆市巴南区东城大道南段重庆理工职业学院西南侧约190米,重庆市,重庆市,巴南区,29.356809,106.615396
421,国家电网充电站(重庆市南岸区鹿角供...,重庆市巴南区迎宾路306-1号,重庆市,重庆市,巴南区,29.448363,106.622828
422,电动车集中充电处,重庆市巴南区万泉街重庆大江技工学校南侧约190米,重庆市,重庆市,巴南区,29.389394,106.514001
423,国家电网充电站(内环高速南泉服务区...,重庆市巴南区内环高速南泉服务区(虎啸内方向),重庆市,重庆市,巴南区,29.418462,106.604357